#REF!,No,Name proyect,Orientation,Defect,Urgency,Drop,Level,PHOTO 1,PHOTO 2,PHOTO 3,PHOTO 4,PHOTO 5,PHOTO 6,PHOTO 7,PHOTO 8,PHOTO 9,STATUS,STATUS,,,TECHNICIAN START,DATE 1ST PHOTO,TIME 1ST PHOTO,TECHNICIAN COMPLETED,DATE COMPLETED,TIME COMPLETED,mapping,NAME PROJECT:,COMMENT ,Base (m),Height (m),Linear Meters,Quantity
1,1,CRONULLA JOB,BUILDING,RENDER REPAIR,LOW,,G,https://storage.googleapis.com/glide-prod.appspot.com/uploads-v2/XlktfHwJ33nQTBm0LCwM/pub/hQota3lCGmsanHvLpLDe.jpg,https://storage.googleapis.com/glide-prod.appspot.com/uploads-v2/XlktfHwJ33nQTBm0LCwM/pub/bCInz49nxcj4hV4ePtrR.jpg,,,,,,,,BEFORE,BEFORE,,,César Meneses,21/08/2026,12:03:54,,17/08/2026,14:10:47,STAGE 2,CRONULLA JOB,,,,,
2,2,CRONULLA JOB,BUILDING,RENDER REPAIR,LOW,,G,https://storage.googleapis.com/glide-prod.appspot.com/uploads-v2/XlktfHwJ33nQTBm0LCwM/pub/k2KooI1ZwLBOaNFJWVXi.jpg,https://storage.googleapis.com/glide-prod.appspot.com/uploads-v2/XlktfHwJ33nQTBm0LCwM/pub/H7LR2rG1h5B8W1dlXQZ8.jpg,,,,,,,,BEFORE,BEFORE,,,César Meneses,21/08/2026,11:41:41,,17/08/2026,10:43:23,,,,,,,
3,3,CRONULLA JOB,BUILDING,SKIM RENDERING,LOW,,G,https://storage.googleapis.com/glide-prod.appspot.com/uploads-v2/XlktfHwJ33nQTBm0LCwM/pub/mQr7gIQORtPIiD42OHoJ.jpg,https://storage.googleapis.com/glide-prod.appspot.com/uploads-v2/XlktfHwJ33nQTBm0LCwM/pub/bmEGmoR30YomUtSMYsWv.jpg,https://storage.googleapis.com/glide-prod.appspot.com/uploads-v2/XlktfHwJ33nQTBm0LCwM/pub/4G1gFgvgKyoHUIzoqHKD.jpg,,,,,,,BEFORE,BEFORE,,,Seba Dadea,21/08/2026,11:44:11,,17/08/2026,10:44:28,,,,,,,
4,4,CRONULLA JOB,BUILDING,SKIM RENDERING,LOW,,G,https://storage.googleapis.com/glide-prod.appspot.com/uploads-v2/XlktfHwJ33nQTBm0LCwM/pub/vDto6HInFzYdCTJ6aaa4.jpg,,,,,,,,,BEFORE,BEFORE,,,Seba Dadea,21/08/2026,11:44:49,,17/08/2026,10:45:16,,,,,,0.4,
5,5,CRONULLA JOB,BUILDING,RENDER REPAIR,HIGH,,G,https://storage.googleapis.com/glide-prod.appspot.com/uploads-v2/XlktfHwJ33nQTBm0LCwM/pub/8EU2nYpwWhTUynYhOP63.jpg,https://storage.googleapis.com/glide-prod.appspot.com/uploads-v2/XlktfHwJ33nQTBm0LCwM/pub/J32qQMd5im5SNIfSpfSX.jpg,,,,,,,,BEFORE,BEFORE,,,Seba Dadea,21/08/2026,11:54:43,,17/08/2026,10:45:59,,,,,,,
6,6,CRONULLA JOB,BUILDING,SKIM RENDERING,LOW,,G,https://storage.googleapis.com/glide-prod.appspot.com/uploads-v2/XlktfHwJ33nQTBm0LCwM/pub/53xMcTLGFVTyhSLyiN4f.jpg,https://storage.googleapis.com/glide-prod.appspot.com/uploads-v2/XlktfHwJ33nQTBm0LCwM/pub/nsWvcpELZRp0XcGMhzfg.jpg,,,,,,,,BEFORE,BEFORE,,,César Meneses,21/08/2026,11:40:07,,17/08/2026,10:47:07,,,,,,,
7,7,CRONULLA JOB,BUILDING,SKIM RENDERING,LOW,,G,https://storage.googleapis.com/glide-prod.appspot.com/uploads-v2/XlktfHwJ33nQTBm0LCwM/pub/uaxHyy87HRhialHiOEhV.jpg,https://storage.googleapis.com/glide-prod.appspot.com/uploads-v2/XlktfHwJ33nQTBm0LCwM/pub/x7wXAUm9FYnb63Byf64I.jpg,,,,,,,,BEFORE,BEFORE,,,César Meneses,21/08/2026,11:40:48,,17/08/2026,10:48:31,,,,,,3,
8,8,CRONULLA JOB,BUILDING,RESEALING WORKS,LOW,,G,https://storage.googleapis.com/glide-prod.appspot.com/uploads-v2/XlktfHwJ33nQTBm0LCwM/pub/Zhyt7DGWhVYpnxE6R0Gv.jpg,https://storage.googleapis.com/glide-prod.appspot.com/uploads-v2/XlktfHwJ33nQTBm0LCwM/pub/r7OS3ZwOMXWsH67EtYxP.jpg,,,,,,,,BEFORE,BEFORE,,,Seba Dadea,21/08/2026,11:42:47,,17/08/2026,11:00:41,,,,,,3,
9,9,CRONULLA JOB,BUILDING,SKIM RENDERING,LOW,,G,https://storage.googleapis.com/glide-prod.appspot.com/uploads-v2/XlktfHwJ33nQTBm0LCwM/pub/Ya5dGFzdnEhwYy8d5ndf.jpg,https://storage.googleapis.com/glide-prod.appspot.com/uploads-v2/XlktfHwJ33nQTBm0LCwM/pub/qnqeIxgKlfa65WZFV312.jpg,https://storage.googleapis.com/glide-prod.appspot.com/uploads-v2/XlktfHwJ33nQTBm0LCwM/pub/a4ghe0K0x9U7kTBC144Q.jpg,,,,,,,BEFORE,BEFORE,,,César Meneses,21/08/2026,11:42:48,,17/08/2026,10:53:56,,,Ceiling parking residence,,,,
10,10,CRONULLA JOB,BUILDING,SKIM RENDERING,LOW,,G,https://storage.googleapis.com/glide-prod.appspot.com/uploads-v2/XlktfHwJ33nQTBm0LCwM/pub/wZQT46MxztgoD68FUqoT.jpg,https://storage.googleapis.com/glide-prod.appspot.com/uploads-v2/XlktfHwJ33nQTBm0LCwM/pub/GCt8FvdGc8pjFFBMbUGl.jpg,,,,,,,,BEFORE,BEFORE,,,Seba Dadea,21/08/2026,11:43:20,,17/08/2026,10:55:43,,,,,,,
11,11,CRONULLA JOB,BUILDING,SKIM RENDERING,LOW,,G,https://storage.googleapis.com/glide-prod.appspot.com/uploads-v2/XlktfHwJ33nQTBm0LCwM/pub/yfighO76yBHPL9DSw7hr.jpg,https://storage.googleapis.com/glide-prod.appspot.com/uploads-v2/XlktfHwJ33nQTBm0LCwM/pub/Z00iHaWTWRkUlmimNpXt.jpg,,,,,,,,BEFORE,BEFORE,,,Seba Dadea,21/08/2026,11:45:21,,17/08/2026,10:56:09,,,,,,,
12,12,CRONULLA JOB,BUILDING,SKIM RENDERING,LOW,,G,https://storage.googleapis.com/glide-prod.appspot.com/uploads-v2/XlktfHwJ33nQTBm0LCwM/pub/3ruwTzWkikz3BMI5NGtB.jpg,https://storage.googleapis.com/glide-prod.appspot.com/uploads-v2/XlktfHwJ33nQTBm0LCwM/pub/eMeLeiVhCzQS7KWwGtPY.jpg,,,,,,,,BEFORE,BEFORE,,,Seba Dadea,21/08/2026,11:47:12,,17/08/2026,10:56:48,,,,,,3,
13,13,CRONULLA JOB,BUILDING,SKIM RENDERING,LOW,,G,https://storage.googleapis.com/glide-prod.appspot.com/uploads-v2/XlktfHwJ33nQTBm0LCwM/pub/9F01LgMIlHvi2ixqJYA1.jpg,,,,,,,,,BEFORE,BEFORE,,,Seba Dadea,21/08/2026,11:47:54,,17/08/2026,11:00:05,,,,,,,
14,14,CRONULLA JOB,BUILDING,SKIM RENDERING,LOW,,G,https://storage.googleapis.com/glide-prod.appspot.com/uploads-v2/XlktfHwJ33nQTBm0LCwM/pub/bDh3F2FTUSMFVSsQGfve.jpg,,,,,,,,,BEFORE,BEFORE,,,Seba Dadea,21/08/2026,11:48:13,,17/08/2026,11:02:00,,,,,,4,
15,15,CRONULLA JOB,BUILDING,SKIM RENDERING,LOW,,G,https://storage.googleapis.com/glide-prod.appspot.com/uploads-v2/XlktfHwJ33nQTBm0LCwM/pub/l7SioXvvfpRVdTrscUMP.jpg,https://storage.googleapis.com/glide-prod.appspot.com/uploads-v2/XlktfHwJ33nQTBm0LCwM/pub/FRSvrK9it1WJCefaaZyp.jpg,,,,,,,,BEFORE,BEFORE,,,Seba Dadea,21/08/2026,11:48:53,,17/08/2026,11:04:03,,,,,,,
16,16,CRONULLA JOB,BUILDING,SKIM RENDERING,LOW,,G,https://storage.googleapis.com/glide-prod.appspot.com/uploads-v2/XlktfHwJ33nQTBm0LCwM/pub/6cE4dNPLPh4K0VWGP4iA.jpg,https://storage.googleapis.com/glide-prod.appspot.com/uploads-v2/XlktfHwJ33nQTBm0LCwM/pub/fGERL4BfqdwpD8dBFmA0.jpg,,,,,,,,BEFORE,BEFORE,,,Seba Dadea,21/08/2026,11:49:32,,17/08/2026,11:05:57,,,,,,,
17,17,CRONULLA JOB,BUILDING,SKIM RENDERING,LOW,,G,https://storage.googleapis.com/glide-prod.appspot.com/uploads-v2/XlktfHwJ33nQTBm0LCwM/pub/xx7hljBLa298LLUfzZrW.jpg,,,,,,,,,BEFORE,BEFORE,,,Seba Dadea,21/08/2026,11:50:22,,17/08/2026,11:06:23,,,,,,,
18,18,CRONULLA JOB,BUILDING,SKIM RENDERING,LOW,,G,https://storage.googleapis.com/glide-prod.appspot.com/uploads-v2/XlktfHwJ33nQTBm0LCwM/pub/TWaHiIKN0wxTHCljmXC2.jpg,https://storage.googleapis.com/glide-prod.appspot.com/uploads-v2/XlktfHwJ33nQTBm0LCwM/pub/Av8k4wLJrqYtoF0leWON.jpg,,,,,,,,BEFORE,BEFORE,,,Seba Dadea,21/08/2026,11:51:51,,17/08/2026,11:06:35,,,,,,,
19,19,CRONULLA JOB,BUILDING,SKIM RENDERING,LOW,,G,https://storage.googleapis.com/glide-prod.appspot.com/uploads-v2/XlktfHwJ33nQTBm0LCwM/pub/I7ZmuRBSYJ6LTPdveAZ1.jpg,,,,,,,,,BEFORE,BEFORE,,,Seba Dadea,21/08/2026,11:52:42,,17/08/2026,11:07:24,,,,,,2,
20,20,CRONULLA JOB,BUILDING,RENDER REPAIR,LOW,,G,https://storage.googleapis.com/glide-prod.appspot.com/uploads-v2/XlktfHwJ33nQTBm0LCwM/pub/8A09iW2tWbECNefq96tg.jpg,https://storage.googleapis.com/glide-prod.appspot.com/uploads-v2/XlktfHwJ33nQTBm0LCwM/pub/Pwgy7JuJxZ3bqH42d2z2.jpg,,,,,,,,BEFORE,BEFORE,,,Seba Dadea,21/08/2026,11:53:42,,17/08/2026,11:08:05,,,,0.1,0.1,,
21,21,CRONULLA JOB,STAGE 1,RENDER REPAIR,LOW,1,3,https://storage.googleapis.com/glide-prod.appspot.com/uploads-v2/XlktfHwJ33nQTBm0LCwM/pub/8algvlqVRBCqZz0mVCwc.jpg,https://storage.googleapis.com/glide-prod.appspot.com/uploads-v2/XlktfHwJ33nQTBm0LCwM/pub/OWAa4lL7GEJiiXvmfNF8.jpg,,,,,https://storage.googleapis.com/glide-prod.appspot.com/uploads-v2/XlktfHwJ33nQTBm0LCwM/pub/wW03Ta4WrWSOMHEIOoQp.jpg,,,COMPLETED,COMPLETED,,,César Meneses,17/08/2026,12:02:35,Ali,22/09/2026,14:10:05,,,,,,2.4,
22,22,CRONULLA JOB,STAGE 1,RESEALING WORKS,LOW,1,4,https://storage.googleapis.com/glide-prod.appspot.com/uploads-v2/XlktfHwJ33nQTBm0LCwM/pub/55SQWOlYiwkt8tzx0quk.jpg,https://storage.googleapis.com/glide-prod.appspot.com/uploads-v2/XlktfHwJ33nQTBm0LCwM/pub/h0H6z1aBDIneshkoU0B1.jpg,,,,,,,,BEFORE,BEFORE,,,César Meneses,17/08/2026,14:04:48,,17/08/2026,11:11:01,,,,,,4.2,
23,23,CRONULLA JOB,STAGE 1,RESEALING WORKS,LOW,1,4,https://storage.googleapis.com/glide-prod.appspot.com/uploads-v2/XlktfHwJ33nQTBm0LCwM/pub/WUPOK180a052vs29PMiW.jpg,,,,,,,,,BEFORE,BEFORE,,,César Meneses,17/08/2026,14:05:23,,17/08/2026,11:12:18,,,,,,2.75,
24,24,CRONULLA JOB,STAGE 1,RESEALING WORKS,LOW,1,4,https://storage.googleapis.com/glide-prod.appspot.com/uploads-v2/XlktfHwJ33nQTBm0LCwM/pub/O8193jzm8W8TVcPgD8cQ.jpg,https://storage.googleapis.com/glide-prod.appspot.com/uploads-v2/XlktfHwJ33nQTBm0LCwM/pub/Sx2ACmHyDkKxYJzhlPEY.jpg,,,,,,,,BEFORE,BEFORE,,,César Meneses,17/08/2026,11:43:17,,17/08/2026,11:14:13,,,,,,2.4,
26,26,CRONULLA JOB,STAGE 1,RENDER REPAIR,LOW,1,5,https://storage.googleapis.com/glide-prod.appspot.com/uploads-v2/XlktfHwJ33nQTBm0LCwM/pub/dCF9lwFK6j8EOenoI0RP.jpg,https://storage.googleapis.com/glide-prod.appspot.com/uploads-v2/XlktfHwJ33nQTBm0LCwM/pub/9cPTGDvb2thhmni6dDqi.jpg,,https://storage.googleapis.com/glide-prod.appspot.com/uploads-v2/XlktfHwJ33nQTBm0LCwM/pub/dM5ZOviK21O9VTnu7YYy.jpg,,,https://storage.googleapis.com/glide-prod.appspot.com/uploads-v2/XlktfHwJ33nQTBm0LCwM/pub/L8NYoNqnhyGsewH5jPIT.jpg,https://storage.googleapis.com/glide-prod.appspot.com/uploads-v2/XlktfHwJ33nQTBm0LCwM/pub/JzBoPfIZJ71aLmF1L9yV.jpg,,COMPLETED,COMPLETED,,FEEDBACK,César Meneses,17/08/2026,11:53:45,Drago,16/09/2026,14:56:44,,,,,,1.8,
28,28,CRONULLA JOB,STAGE 1,RENDER REPAIR,LOW,1,5,https://storage.googleapis.com/glide-prod.appspot.com/uploads-v2/XlktfHwJ33nQTBm0LCwM/pub/ibCHCmRzSbdZmuQHn6yE.jpg,,,,,,,,,BEFORE,BEFORE,,,César Meneses,17/08/2026,14:02:03,,17/08/2026,11:18:26,,,,1,0.3,,
25,25,CRONULLA JOB,STAGE 1,RESEALING WORKS,LOW,1,5,https://storage.googleapis.com/glide-prod.appspot.com/uploads-v2/XlktfHwJ33nQTBm0LCwM/pub/SJ1LkdwMxNTpbHbs4WA6.jpg,,,https://storage.googleapis.com/glide-prod.appspot.com/uploads-v2/XlktfHwJ33nQTBm0LCwM/pub/qIcPz6jooEUdNJ3S2jlR.jpg,https://storage.googleapis.com/glide-prod.appspot.com/uploads-v2/XlktfHwJ33nQTBm0LCwM/pub/Z1o8hMb9wQ1MuK8eiuSg.jpg,,https://storage.googleapis.com/glide-prod.appspot.com/uploads-v2/XlktfHwJ33nQTBm0LCwM/pub/NUvuKUhzbkBVWgNWBjM0.jpg,https://storage.googleapis.com/glide-prod.appspot.com/uploads-v2/XlktfHwJ33nQTBm0LCwM/pub/zxpIL61OxpHMBxcp1LeF.jpg,,BEFORE,COMPLETED,CHECK,,César Meneses,17/08/2026,11:53:02,Ali Madad,17/09/2026,09:03:32,,,INTRODUCE NEW JOINT,,,0.6,
29,29,CRONULLA JOB,STAGE 1,RESEALING WORKS,LOW,1,5,https://storage.googleapis.com/glide-prod.appspot.com/uploads-v2/XlktfHwJ33nQTBm0LCwM/pub/TmMYPGZcJv4BpeZ5j3OO.jpg,https://storage.googleapis.com/glide-prod.appspot.com/uploads-v2/XlktfHwJ33nQTBm0LCwM/pub/Dw90S7ys7k178lsLr72t.jpg,https://storage.googleapis.com/glide-prod.appspot.com/uploads-v2/XlktfHwJ33nQTBm0LCwM/pub/1esu4TrRLNZlBjJJwpVj.jpg,,,,,,,BEFORE,BEFORE,,,César Meneses,17/08/2026,14:03:08,,17/08/2026,11:20:02,,,INTRODUCE NEW JOINT,,,2.75,
27,27,CRONULLA JOB,STAGE 1,SEAL WINDOW FRAME,LOW,1,5,https://storage.googleapis.com/glide-prod.appspot.com/uploads-v2/XlktfHwJ33nQTBm0LCwM/pub/bz3OTd4h3ovcPghnj001.jpg,,,,,,,,,BEFORE,BEFORE,,,César Meneses,17/08/2026,11:58:38,,17/08/2026,11:18:02,,,,,,3.5,
30,30,CRONULLA JOB,STAGE 1,SKIM RENDERING,LOW,1,5,https://storage.googleapis.com/glide-prod.appspot.com/uploads-v2/XlktfHwJ33nQTBm0LCwM/pub/MtsmFsb12KYZcMCxEidF.jpg,,,,,,,,,BEFORE,BEFORE,,,César Meneses,17/08/2026,14:03:58,,17/08/2026,11:20:21,,,SKIM,,,1.45,
31,31,CRONULLA JOB,STAGE 1,RENDER REPAIR,LOW,1,6,https://storage.googleapis.com/glide-prod.appspot.com/uploads-v2/XlktfHwJ33nQTBm0LCwM/pub/owhGiO4jMUuqb16hk1ju.jpg,,,https://storage.googleapis.com/glide-prod.appspot.com/uploads-v2/XlktfHwJ33nQTBm0LCwM/pub/AQMjgTcKWxtoYbGwgsCZ.jpg,https://storage.googleapis.com/glide-prod.appspot.com/uploads-v2/XlktfHwJ33nQTBm0LCwM/pub/G6wyZZOQJisGo1M8VVhR.jpg,,,,,BEFORE,IN PROGRESS,CHECK,,César Meneses,17/08/2026,11:44:29,,17/08/2026,11:20:32,,,,0.5,0.5,,
34,34,CRONULLA JOB,STAGE 1,RENDER REPAIR,LOW,1,6,https://storage.googleapis.com/glide-prod.appspot.com/uploads-v2/XlktfHwJ33nQTBm0LCwM/pub/ontyeXT0SvMgqQDhntPQ.jpg,https://storage.googleapis.com/glide-prod.appspot.com/uploads-v2/XlktfHwJ33nQTBm0LCwM/pub/COEqDXuWgMkXKbhtdNf6.jpg,,,,,,,,BEFORE,BEFORE,,,César Meneses,17/08/2026,14:00:57,,17/08/2026,11:27:02,,,INTRODUCE NEW JOINT,0.1,2.75,,
33,33,CRONULLA JOB,STAGE 1,SEAL WINDOW FRAME,LOW,1,6,https://storage.googleapis.com/glide-prod.appspot.com/uploads-v2/XlktfHwJ33nQTBm0LCwM/pub/fu0wUECmKJkkGTYus6NW.jpg,,,,,,,,,IN PROGRESS,BEFORE,CHECK,,César Meneses,17/08/2026,11:50:56,Drago,16/09/2026,14:07:43,,,,,,3.5,
32,32,CRONULLA JOB,STAGE 1,SKIM RENDERING,LOW,1,6,https://storage.googleapis.com/glide-prod.appspot.com/uploads-v2/XlktfHwJ33nQTBm0LCwM/pub/2avyrQTMTCu3d9rLj7v1.jpg,https://storage.googleapis.com/glide-prod.appspot.com/uploads-v2/XlktfHwJ33nQTBm0LCwM/pub/eSrhMvpEJ3m3neRO0OoX.jpg,https://storage.googleapis.com/glide-prod.appspot.com/uploads-v2/XlktfHwJ33nQTBm0LCwM/pub/0CUJb4OnrD6FGAa6wBFp.jpg,https://storage.googleapis.com/glide-prod.appspot.com/uploads-v2/XlktfHwJ33nQTBm0LCwM/pub/cKYIJfAdsiV3jN2StG99.jpg,https://storage.googleapis.com/glide-prod.appspot.com/uploads-v2/XlktfHwJ33nQTBm0LCwM/pub/jQTGBIdnppWm0UiX0uj2.jpg,,https://storage.googleapis.com/glide-prod.appspot.com/uploads-v2/XlktfHwJ33nQTBm0LCwM/pub/ujzdI2UhlGNGh2ycSezJ.jpg,,,BEFORE,COMPLETED,CHECK,FEEDBACK,César Meneses,17/08/2026,11:50:21,Ali Madad,17/09/2026,09:02:44,,,,,,1,
1326,1326,CRONULLA JOB,STAGE 1,RENDER REPAIR,LOW,1,7,https://storage.googleapis.com/glide-prod.appspot.com/uploads-v2/XlktfHwJ33nQTBm0LCwM/pub/MY8lryClRRWjLDoYx9Ez.jpeg,,,https://storage.googleapis.com/glide-prod.appspot.com/uploads-v2/XlktfHwJ33nQTBm0LCwM/pub/xDjpNkB5tbZNL8FFq5ad.jpeg,https://storage.googleapis.com/glide-prod.appspot.com/uploads-v2/XlktfHwJ33nQTBm0LCwM/pub/vZs3CiwLWk28Pwp61E6t.jpg,,https://storage.googleapis.com/glide-prod.appspot.com/uploads-v2/XlktfHwJ33nQTBm0LCwM/pub/MK2Pyx6TSv2CvHDVHwtN.jpg,,,BEFORE,COMPLETED,CHECK,FEEDBACK,Nicolas Loyola,,,Ali Madad,17/09/2026,09:01:57,,,,0.3,0.3,,
35,35,CRONULLA JOB,STAGE 1,RENDER REPAIR,LOW,1,8,https://storage.googleapis.com/glide-prod.appspot.com/uploads-v2/XlktfHwJ33nQTBm0LCwM/pub/Adtd8Me2zK96oV1UG7bB.jpg,,,,,,,,,BEFORE,BEFORE,,,César Meneses,17/08/2026,11:20:02,,17/08/2026,11:33:26,,,INTRODUCE NEW JOINT,0.2,0.6,,
38,38,CRONULLA JOB,STAGE 1,RENDER REPAIR,LOW,1,8,https://storage.googleapis.com/glide-prod.appspot.com/uploads-v2/XlktfHwJ33nQTBm0LCwM/pub/bPvq51ajCsOQy7h4l3Mc.jpg,,,,,,,,,BEFORE,BEFORE,,,César Meneses,17/08/2026,13:58:38,,17/08/2026,11:36:29,,,,0.3,0.3,,
1357,1357,CRONULLA JOB,STAGE 1,RENDER REPAIR,HIGH,1,8,,,,,,,https://storage.googleapis.com/glide-prod.appspot.com/uploads-v2/XlktfHwJ33nQTBm0LCwM/pub/DsDPYuCcxeXrxR8GZ8p5.jpg,,,COMPLETED,COMPLETED,,,Ali Madad,,,,17/09/2026,09:01:21,,,,,,,
37,37,CRONULLA JOB,STAGE 1,RESEALING WORKS,LOW,1,8,https://storage.googleapis.com/glide-prod.appspot.com/uploads-v2/XlktfHwJ33nQTBm0LCwM/pub/gVLjHy7RL7Swh4ZzqLnl.jpg,,,,,,,,,BEFORE,BEFORE,,,César Meneses,17/08/2026,11:35:48,,17/08/2026,11:35:48,,,,,,1.4,
36,36,CRONULLA JOB,STAGE 1,SEAL WINDOW FRAME,MEDIUM,1,8,https://storage.googleapis.com/glide-prod.appspot.com/uploads-v2/XlktfHwJ33nQTBm0LCwM/pub/q9PS8XPrLkdXbNMt4fhJ.jpg,https://storage.googleapis.com/glide-prod.appspot.com/uploads-v2/XlktfHwJ33nQTBm0LCwM/pub/Fy4tazJlm53E6rmgdPHp.jpg,,,,,,,,BEFORE,BEFORE,,,César Meneses,17/08/2026,11:33:46,,17/08/2026,11:33:46,,,,,,3.5,
39,39,CRONULLA JOB,STAGE 1,RENDER REPAIR,MEDIUM,1,9,https://storage.googleapis.com/glide-prod.appspot.com/uploads-v2/XlktfHwJ33nQTBm0LCwM/pub/Evtb1q7B0wd81XeY8gSc.jpg,https://storage.googleapis.com/glide-prod.appspot.com/uploads-v2/XlktfHwJ33nQTBm0LCwM/pub/KqW5xl4X2XMnT4iJZIZ4.jpg,https://storage.googleapis.com/glide-prod.appspot.com/uploads-v2/XlktfHwJ33nQTBm0LCwM/pub/ISCOVvIlJrmBoRq28ZG5.jpg,,,,,,,BEFORE,BEFORE,,,Nicolas Loyola,17/08/2026,11:06:23,,17/08/2026,11:36:56,,,,0.2,1.2,,
40,40,CRONULLA JOB,STAGE 1,RENDER REPAIR,MEDIUM,1,9,https://storage.googleapis.com/glide-prod.appspot.com/uploads-v2/XlktfHwJ33nQTBm0LCwM/pub/BJxbnX1jHgBE6S2Yx8FT.jpg,,,https://storage.googleapis.com/glide-prod.appspot.com/uploads-v2/XlktfHwJ33nQTBm0LCwM/pub/hyhnTbZnf4w3UiEzNU5D.jpg,,,,,,IN PROGRESS,IN PROGRESS,,,César Meneses,17/08/2026,11:15:35,Nicolas Loyola,08/09/2026,14:51:17,,,,0.5,0.5,,
1296,1296,CRONULLA JOB,STAGE 1,RENDER REPAIR,LOW,1,9,https://storage.googleapis.com/glide-prod.appspot.com/uploads-v2/XlktfHwJ33nQTBm0LCwM/pub/lsFVBdbbRtXczncS7clT.jpg,,,https://storage.googleapis.com/glide-prod.appspot.com/uploads-v2/XlktfHwJ33nQTBm0LCwM/pub/XUMdz8FzJFArG63uHrVF.jpg,,,,,,IN PROGRESS,IN PROGRESS,,,Nicolas Loyola,,,Nicolas Loyola,08/09/2026,14:35:53,,,,0.2,0.2,,
1356,1356,CRONULLA JOB,STAGE 1,RENDER REPAIR,HIGH,1,9,,,,,,,https://storage.googleapis.com/glide-prod.appspot.com/uploads-v2/XlktfHwJ33nQTBm0LCwM/pub/dHIDPIEKPAiTDzJg2NiJ.jpg,,,COMPLETED,COMPLETED,,,Ali Madad,,,,17/09/2026,09:00:41,,,,,,,
41,41,CRONULLA JOB,STAGE 1,RENDER REPAIR,MEDIUM,1,10,https://storage.googleapis.com/glide-prod.appspot.com/uploads-v2/XlktfHwJ33nQTBm0LCwM/pub/Uw7L2TOPHMNODdxpEUt5.jpg,https://storage.googleapis.com/glide-prod.appspot.com/uploads-v2/XlktfHwJ33nQTBm0LCwM/pub/YgpQnhT2M9jZVBjEJaUG.jpg,https://storage.googleapis.com/glide-prod.appspot.com/uploads-v2/XlktfHwJ33nQTBm0LCwM/pub/BQptd4RyAyfjYVifYCp5.jpg,https://storage.googleapis.com/glide-prod.appspot.com/uploads-v2/XlktfHwJ33nQTBm0LCwM/pub/R3vAYR4Yc9q6WdGmh7xs.jpg,https://storage.googleapis.com/glide-prod.appspot.com/uploads-v2/XlktfHwJ33nQTBm0LCwM/pub/OTuEzEGgEUM9lh40mioo.jpg,,,,,COMPLETED,IN PROGRESS,CHECK,,César Meneses,17/08/2026,11:07:24,Drago,16/09/2026,13:50:49,,,,0.5,0.5,,
1355,1355,CRONULLA JOB,STAGE 1,RENDER REPAIR,HIGH,1,10,,,,,,,https://storage.googleapis.com/glide-prod.appspot.com/uploads-v2/XlktfHwJ33nQTBm0LCwM/pub/SrkdskZbMogb2teWBdCG.jpg,https://storage.googleapis.com/glide-prod.appspot.com/uploads-v2/XlktfHwJ33nQTBm0LCwM/pub/Ga9ZxJ2O7FdS6PMC2gO1.jpg,,COMPLETED,COMPLETED,,,Ali Madad,,,,17/09/2026,09:00:01,,,,,,,
42,42,CRONULLA JOB,STAGE 1,RENDER REPAIR TO SLAB EDGE,LOW,1,10,https://storage.googleapis.com/glide-prod.appspot.com/uploads-v2/XlktfHwJ33nQTBm0LCwM/pub/kRLAOYGP4zburLmdKBs6.jpg,,,,,,,,,BEFORE,BEFORE,,,César Meneses,17/08/2026,11:11:01,,17/08/2026,11:42:29,,,,,,,
43,43,CRONULLA JOB,STAGE 1,DILAPITACION,LOW,1,11,https://storage.googleapis.com/glide-prod.appspot.com/uploads-v2/XlktfHwJ33nQTBm0LCwM/pub/ZWcTin3kMgidTnfBOHYt.jpg,,,,,,,,,BEFORE,BEFORE,,,César Meneses,17/08/2026,11:00:05,,17/08/2026,11:43:17,,,DILAPITACION EN FLYSCREEM MESH,,,,
1245,1245,CRONULLA JOB,STAGE 1,RENDER REPAIR,LOW,1,11,https://storage.googleapis.com/glide-prod.appspot.com/uploads-v2/XlktfHwJ33nQTBm0LCwM/pub/acsh6LJjbOnbH0ryn7a3.jpg,,,https://storage.googleapis.com/glide-prod.appspot.com/uploads-v2/XlktfHwJ33nQTBm0LCwM/pub/kjKojouku53QCwYtGx3L.jpg,https://storage.googleapis.com/glide-prod.appspot.com/uploads-v2/XlktfHwJ33nQTBm0LCwM/pub/KeGCQJWL4N9VmQaMbrPw.jpg,,,,,BEFORE,IN PROGRESS,CHECK,,Nicolas Loyola,,,Nicolas Loyola,14/09/2026,11:35:36,,,,,,,
1354,1354,CRONULLA JOB,STAGE 1,RENDER REPAIR,HIGH,1,11,,,,,,,https://storage.googleapis.com/glide-prod.appspot.com/uploads-v2/XlktfHwJ33nQTBm0LCwM/pub/kYSGnNnmSib8tE8NW4tA.jpg,https://storage.googleapis.com/glide-prod.appspot.com/uploads-v2/XlktfHwJ33nQTBm0LCwM/pub/rb4jWPSPVleKczAyx0AF.jpg,,COMPLETED,COMPLETED,,,Ali Madad,,,,17/09/2026,08:59:01,,,,,,,
45,45,CRONULLA JOB,STAGE 1,RENDER REPAIR TO SLAB EDGE,LOW,1,11,https://storage.googleapis.com/glide-prod.appspot.com/uploads-v2/XlktfHwJ33nQTBm0LCwM/pub/GEugKMrjTmfxHGK0ZZoK.jpg,,,,,,,,,BEFORE,BEFORE,,,César Meneses,17/08/2026,11:06:35,,17/08/2026,11:50:21,,,,,,,
44,44,CRONULLA JOB,STAGE 1,SKIM RENDERING,MEDIUM,1,11,https://storage.googleapis.com/glide-prod.appspot.com/uploads-v2/XlktfHwJ33nQTBm0LCwM/pub/KWCn5Or4Z3jfMnb8TKw0.jpg,,,https://storage.googleapis.com/glide-prod.appspot.com/uploads-v2/XlktfHwJ33nQTBm0LCwM/pub/OmLbQvPb6OWcbagqYSnu.jpg,,,,,,IN PROGRESS,IN PROGRESS,,,César Meneses,17/08/2026,11:05:57,Nicolas Loyola,07/09/2026,10:56:39,,,5 CRACK,,,2.5,
49,49,CRONULLA JOB,STAGE 1,RENDER REPAIR,MEDIUM,1,12,https://storage.googleapis.com/glide-prod.appspot.com/uploads-v2/XlktfHwJ33nQTBm0LCwM/pub/64GTvkbFM9jVjs7DzWE0.jpg,,,https://storage.googleapis.com/glide-prod.appspot.com/uploads-v2/XlktfHwJ33nQTBm0LCwM/pub/zhVcoJFXNp2Qm4AgBM1K.jpg,https://storage.googleapis.com/glide-prod.appspot.com/uploads-v2/XlktfHwJ33nQTBm0LCwM/pub/smWmxDHhNKPMR7jv53Rq.jpg,,,,,IN PROGRESS,IN PROGRESS,,,César Meneses,17/08/2026,10:55:43,Nicolas Loyola,10/09/2026,08:42:55,,,,1,0.1,,
1241,1241,CRONULLA JOB,STAGE 1,RENDER REPAIR,LOW,1,12,https://storage.googleapis.com/glide-prod.appspot.com/uploads-v2/XlktfHwJ33nQTBm0LCwM/pub/yZgcwIUagjkPmeiR0vhq.jpg,,,https://storage.googleapis.com/glide-prod.appspot.com/uploads-v2/XlktfHwJ33nQTBm0LCwM/pub/tlp5uDxM0J1D0QhL4RZN.jpg,https://storage.googleapis.com/glide-prod.appspot.com/uploads-v2/XlktfHwJ33nQTBm0LCwM/pub/eNRD7TBILGkgFAW51wkU.jpg,,,,,IN PROGRESS,IN PROGRESS,,,Nicolas Loyola,,,Nicolas Loyola,14/09/2026,11:19:13,,,,0.36,0.15,,
1353,1353,CRONULLA JOB,STAGE 1,RENDER REPAIR,HIGH,1,12,,,,,,,https://storage.googleapis.com/glide-prod.appspot.com/uploads-v2/XlktfHwJ33nQTBm0LCwM/pub/peCBvLoEqoii8mC5rFXP.jpg,,,COMPLETED,COMPLETED,,,Ali Madad,,,,17/09/2026,08:57:50,,,,,,,
50,50,CRONULLA JOB,STAGE 1,RENDER REPAIR TO SLAB EDGE,MEDIUM,1,12,https://storage.googleapis.com/glide-prod.appspot.com/uploads-v2/XlktfHwJ33nQTBm0LCwM/pub/7lxydlEF0Dv00wBxrYj2.jpg,,,,,,,,,BEFORE,BEFORE,,,César Meneses,17/08/2026,10:56:48,,17/08/2026,11:58:38,,,,,,,
48,48,CRONULLA JOB,STAGE 1,RESEALING WORKS,LOW,1,12,https://storage.googleapis.com/glide-prod.appspot.com/uploads-v2/XlktfHwJ33nQTBm0LCwM/pub/Zelhq5m8VyIlTds3Byqk.jpg,https://storage.googleapis.com/glide-prod.appspot.com/uploads-v2/XlktfHwJ33nQTBm0LCwM/pub/AVzLjqM5963zeiBDlbbf.jpg,,,,,,,,BEFORE,BEFORE,,,César Meneses,17/08/2026,10:47:07,,17/08/2026,11:53:02,,,,,,1.8,
46,46,CRONULLA JOB,STAGE 1,SKIM RENDERING,LOW,1,12,https://storage.googleapis.com/glide-prod.appspot.com/uploads-v2/XlktfHwJ33nQTBm0LCwM/pub/e24T8zAaGxnyEhAnoqfY.jpg,https://storage.googleapis.com/glide-prod.appspot.com/uploads-v2/XlktfHwJ33nQTBm0LCwM/pub/XIRtLlItahBXUmrviCcK.jpg,,https://storage.googleapis.com/glide-prod.appspot.com/uploads-v2/XlktfHwJ33nQTBm0LCwM/pub/cVhiASutsyCsOqWaJcTs.jpg,,,,,,IN PROGRESS,IN PROGRESS,,,César Meneses,17/08/2026,10:44:28,Nicolas Loyola,07/09/2026,09:48:40,,,,,,2,
47,47,CRONULLA JOB,STAGE 1,SKIM RENDERING,LOW,1,12,https://storage.googleapis.com/glide-prod.appspot.com/uploads-v2/XlktfHwJ33nQTBm0LCwM/pub/QXN9faGJIah0zQDl4sSX.jpg,,,https://storage.googleapis.com/glide-prod.appspot.com/uploads-v2/XlktfHwJ33nQTBm0LCwM/pub/dcXDSERFhO9aj6B84HmA.jpg,,,,,,IN PROGRESS,IN PROGRESS,,,César Meneses,17/08/2026,10:45:16,Nicolas Loyola,08/09/2026,14:50:39,,,,,,1.2,
51,51,CRONULLA JOB,STAGE 1,SKIM RENDERING,MEDIUM,1,12,https://storage.googleapis.com/glide-prod.appspot.com/uploads-v2/XlktfHwJ33nQTBm0LCwM/pub/SEwyse0cPRK0diVgioxU.jpg,,,https://storage.googleapis.com/glide-prod.appspot.com/uploads-v2/XlktfHwJ33nQTBm0LCwM/pub/CSGFovVNMlHzv30jH6LC.jpg,,,,,,IN PROGRESS,IN PROGRESS,,,César Meneses,17/08/2026,10:56:48,Nicolas Loyola,08/09/2026,14:21:04,,,,,,1.4,
52,52,CRONULLA JOB,STAGE 1,SKIM RENDERING,LOW,1,R,https://storage.googleapis.com/glide-prod.appspot.com/uploads-v2/XlktfHwJ33nQTBm0LCwM/pub/SeKrdLjjgx3YuLBZ2Yl7.jpg,,,,,,,,,BEFORE,BEFORE,,,Seba Dadea,21/08/2026,08:52:48,,17/08/2026,12:02:35,,,,,,0.5,
53,53,CRONULLA JOB,STAGE 1,SKIM RENDERING,LOW,1,R,https://storage.googleapis.com/glide-prod.appspot.com/uploads-v2/XlktfHwJ33nQTBm0LCwM/pub/3RNZsgEQ81v47ORwFWOh.jpg,,,,,,,,,BEFORE,BEFORE,,,Seba Dadea,21/08/2026,08:53:42,,17/08/2026,13:37:04,,,,0.2,0.2,,
54,54,CRONULLA JOB,STAGE 1,SKIM RENDERING,LOW,1,R,https://storage.googleapis.com/glide-prod.appspot.com/uploads-v2/XlktfHwJ33nQTBm0LCwM/pub/eM9zInZaQ4JAWZlom2yH.jpg,https://storage.googleapis.com/glide-prod.appspot.com/uploads-v2/XlktfHwJ33nQTBm0LCwM/pub/9nR4LQIy5G9fSTNIJxw9.jpg,,,,,,,,BEFORE,BEFORE,,,Seba Dadea,21/08/2026,08:54:57,,17/08/2026,13:37:07,,,,,,0.2,
55,55,CRONULLA JOB,STAGE 1,RENDER REPAIR,LOW,2,3,https://storage.googleapis.com/glide-prod.appspot.com/uploads-v2/XlktfHwJ33nQTBm0LCwM/pub/BqUH1YlBdndk9Y12YbYW.jpg,https://storage.googleapis.com/glide-prod.appspot.com/uploads-v2/XlktfHwJ33nQTBm0LCwM/pub/wIuOcV6bUC0KnR75xcMU.jpg,https://storage.googleapis.com/glide-prod.appspot.com/uploads-v2/XlktfHwJ33nQTBm0LCwM/pub/4USiAFvsBQfN5uYUKG7C.jpg,,,,,,,BEFORE,BEFORE,,,Nicolas Loyola,17/08/2026,11:44:10,,17/08/2026,13:40:16,,,,0.2,0.8,,
56,56,CRONULLA JOB,STAGE 1,RENDER REPAIR,LOW,2,4,https://storage.googleapis.com/glide-prod.appspot.com/uploads-v2/XlktfHwJ33nQTBm0LCwM/pub/UpPC8CSa4pWLFgfrWNb6.jpg,https://storage.googleapis.com/glide-prod.appspot.com/uploads-v2/XlktfHwJ33nQTBm0LCwM/pub/FZuU6rNXOCcK0ExnwezZ.jpg,https://storage.googleapis.com/glide-prod.appspot.com/uploads-v2/XlktfHwJ33nQTBm0LCwM/pub/Pwx6S3AkJ5OdLFdY2YMp.jpg,https://storage.googleapis.com/glide-prod.appspot.com/uploads-v2/XlktfHwJ33nQTBm0LCwM/pub/9OjdsHo0OeVSMPhWmnc6.jpg,https://storage.googleapis.com/glide-prod.appspot.com/uploads-v2/XlktfHwJ33nQTBm0LCwM/pub/gnzGWV6CQudZmzhKeX3q.jpg,,,,,BEFORE,IN PROGRESS,CHECK,,Nicolas Loyola,17/08/2026,11:36:29,Seba Dadea,08/09/2026,11:16:58,,,,3.1,0.2,,
1345,1345,CRONULLA JOB,STAGE 1,RENDER REPAIR,HIGH,2,4,,,,,,,https://storage.googleapis.com/glide-prod.appspot.com/uploads-v2/XlktfHwJ33nQTBm0LCwM/pub/tn0SzWHYf6EKDt7zZpQh.jpg,https://storage.googleapis.com/glide-prod.appspot.com/uploads-v2/XlktfHwJ33nQTBm0LCwM/pub/KXzu5pKL91Wbz0j2JYQw.jpg,,COMPLETED,COMPLETED,,,Ali Madad,,,,16/09/2026,08:00:53,,,,,,,
57,57,CRONULLA JOB,STAGE 1,RENDER REPAIR,LOW,2,5,https://storage.googleapis.com/glide-prod.appspot.com/uploads-v2/XlktfHwJ33nQTBm0LCwM/pub/k2BSWXFwyTDDGbfMS9zn.jpg,https://storage.googleapis.com/glide-prod.appspot.com/uploads-v2/XlktfHwJ33nQTBm0LCwM/pub/fDtjvkTINUisIqjs96da.jpg,,https://storage.googleapis.com/glide-prod.appspot.com/uploads-v2/XlktfHwJ33nQTBm0LCwM/pub/0JEoTifL5naHsBUJUmvm.jpg,https://storage.googleapis.com/glide-prod.appspot.com/uploads-v2/XlktfHwJ33nQTBm0LCwM/pub/M8KalH2SlHJ2Do0qQMBs.jpg,,,,,BEFORE,IN PROGRESS,CHECK,,Nicolas Loyola,17/08/2026,11:25:54,Seba Dadea,08/09/2026,10:56:43,,,,3.1,0.3,,
58,58,CRONULLA JOB,STAGE 1,RENDER REPAIR,LOW,2,5,https://storage.googleapis.com/glide-prod.appspot.com/uploads-v2/XlktfHwJ33nQTBm0LCwM/pub/nU5cvObRM50g3yiQ3v4Y.jpg,https://storage.googleapis.com/glide-prod.appspot.com/uploads-v2/XlktfHwJ33nQTBm0LCwM/pub/LcuS6Rb6eWSIBruvUQ5H.jpg,https://storage.googleapis.com/glide-prod.appspot.com/uploads-v2/XlktfHwJ33nQTBm0LCwM/pub/KTNsOTHJaxuDUGFlTAKX.jpg,,,,,,,BEFORE,BEFORE,,,Nicolas Loyola,17/08/2026,11:33:26,,17/08/2026,13:42:17,,,CORNER,0.2,0.3,,
1344,1344,CRONULLA JOB,STAGE 1,RENDER REPAIR,HIGH,2,5,,,,,,,https://storage.googleapis.com/glide-prod.appspot.com/uploads-v2/XlktfHwJ33nQTBm0LCwM/pub/1Ox4SZcm1Arq3LQ1uKdv.jpg,,,COMPLETED,COMPLETED,,,Ali Madad,,,,16/09/2026,07:59:57,,,,,,,
59,59,CRONULLA JOB,STAGE 1,RENDER REPAIR,LOW,2,6,https://storage.googleapis.com/glide-prod.appspot.com/uploads-v2/XlktfHwJ33nQTBm0LCwM/pub/qmYs1zt6cumUYPQHum6p.jpg,https://storage.googleapis.com/glide-prod.appspot.com/uploads-v2/XlktfHwJ33nQTBm0LCwM/pub/m4iCtTGG63d4wFGUdjVs.jpg,,,,,,,,BEFORE,BEFORE,,,Nicolas Loyola,17/08/2026,11:21:52,,17/08/2026,13:42:55,,,,0.2,0.7,,
1341,1341,CRONULLA JOB,STAGE 1,RENDER REPAIR,HIGH,2,7,,,,,,,https://storage.googleapis.com/glide-prod.appspot.com/uploads-v2/XlktfHwJ33nQTBm0LCwM/pub/GB0ioOoew0qEHxH5sfeb.jpg,https://storage.googleapis.com/glide-prod.appspot.com/uploads-v2/XlktfHwJ33nQTBm0LCwM/pub/tT93HncFWATNHaittoxL.jpg,,COMPLETED,COMPLETED,,,Ali Madad,,,,16/09/2026,07:57:40,,,,,,,
61,61,CRONULLA JOB,STAGE 1,SEAL WINDOW FRAME,LOW,2,7,https://storage.googleapis.com/glide-prod.appspot.com/uploads-v2/XlktfHwJ33nQTBm0LCwM/pub/WBZ218fCmeYIFX1QIfU2.jpg,https://storage.googleapis.com/glide-prod.appspot.com/uploads-v2/XlktfHwJ33nQTBm0LCwM/pub/vbyBbQ9aaeIKJeBbNzPZ.jpg,https://storage.googleapis.com/glide-prod.appspot.com/uploads-v2/XlktfHwJ33nQTBm0LCwM/pub/mNDEAG34WqIPSPlUq2ue.jpg,,,,,,,BEFORE,BEFORE,,,Nicolas Loyola,17/08/2026,11:18:02,,17/08/2026,13:44:28,,,ON BOTTOM,,,1.5,
60,60,CRONULLA JOB,STAGE 1,SKIM RENDERING,LOW,2,7,https://storage.googleapis.com/glide-prod.appspot.com/uploads-v2/XlktfHwJ33nQTBm0LCwM/pub/LafPCb2l2e2nHJtVfsyn.jpg,https://storage.googleapis.com/glide-prod.appspot.com/uploads-v2/XlktfHwJ33nQTBm0LCwM/pub/rm2MvGKeWw1REqhtv0zh.jpg,,https://storage.googleapis.com/glide-prod.appspot.com/uploads-v2/XlktfHwJ33nQTBm0LCwM/pub/vv2NWNrv1ZhzyHimqpxb.jpg,,,,,,BEFORE,IN PROGRESS,CHECK,,Nicolas Loyola,17/08/2026,11:16:30,Seba Dadea,08/09/2026,10:15:48,,,,0.2,0.2,,
62,62,CRONULLA JOB,STAGE 1,SKIM RENDERING,LOW,2,7,https://storage.googleapis.com/glide-prod.appspot.com/uploads-v2/XlktfHwJ33nQTBm0LCwM/pub/d5AoMR3Q5vJEt4b0dmfK.jpg,https://storage.googleapis.com/glide-prod.appspot.com/uploads-v2/XlktfHwJ33nQTBm0LCwM/pub/oGupTVAN0ZIPekPPRZKr.jpg,,,,,,,,BEFORE,BEFORE,,,Nicolas Loyola,17/08/2026,11:20:21,,17/08/2026,13:44:39,,,CRACKS,,,3,
64,64,CRONULLA JOB,STAGE 1,RENDER REPAIR,LOW,2,8,https://storage.googleapis.com/glide-prod.appspot.com/uploads-v2/XlktfHwJ33nQTBm0LCwM/pub/q3P9QwQfnVlAYcUmt9KZ.jpg,https://storage.googleapis.com/glide-prod.appspot.com/uploads-v2/XlktfHwJ33nQTBm0LCwM/pub/acrit7rCd2a681INeJH4.jpg,https://storage.googleapis.com/glide-prod.appspot.com/uploads-v2/XlktfHwJ33nQTBm0LCwM/pub/2wHtiPZNTZrSZzNUWLzw.jpg,https://storage.googleapis.com/glide-prod.appspot.com/uploads-v2/XlktfHwJ33nQTBm0LCwM/pub/Z2keyKWmkddocz66FHQu.jpg,https://storage.googleapis.com/glide-prod.appspot.com/uploads-v2/XlktfHwJ33nQTBm0LCwM/pub/rx2UV4CUiIdfGswWTEZp.jpg,,,,,BEFORE,IN PROGRESS,CHECK,,Nicolas Loyola,17/08/2026,11:14:13,Nicolas Loyola,10/09/2026,09:45:37,,,,3.1,0.1,,
1339,1339,CRONULLA JOB,STAGE 1,RENDER REPAIR,HIGH,2,8,,,,,,,https://storage.googleapis.com/glide-prod.appspot.com/uploads-v2/XlktfHwJ33nQTBm0LCwM/pub/hnW0oCGZgbZDAUopIU5I.jpg,https://storage.googleapis.com/glide-prod.appspot.com/uploads-v2/XlktfHwJ33nQTBm0LCwM/pub/MkTUb3oRAQ8bk9fd8nj8.jpg,,COMPLETED,COMPLETED,,,Ali Madad,,,,16/09/2026,07:54:46,,,,,,,
63,63,CRONULLA JOB,STAGE 1,SKIM RENDERING,LOW,2,8,https://storage.googleapis.com/glide-prod.appspot.com/uploads-v2/XlktfHwJ33nQTBm0LCwM/pub/7z9tAFT9YKgod46UrGo1.jpg,https://storage.googleapis.com/glide-prod.appspot.com/uploads-v2/XlktfHwJ33nQTBm0LCwM/pub/GczlyxqPH8r4M8CcgqJo.jpg,,,,,,,,BEFORE,BEFORE,,,Nicolas Loyola,17/08/2026,11:12:18,,17/08/2026,13:46:23,,,CORNER,0.2,0.1,,
1337,1337,CRONULLA JOB,STAGE 1,RENDER REPAIR,HIGH,2,9,,,,,,,https://storage.googleapis.com/glide-prod.appspot.com/uploads-v2/XlktfHwJ33nQTBm0LCwM/pub/y65W3Gx8imvXdzHm4byS.jpg,https://storage.googleapis.com/glide-prod.appspot.com/uploads-v2/XlktfHwJ33nQTBm0LCwM/pub/OeMNpR4DGUynVlOHjEl9.jpg,,COMPLETED,COMPLETED,,,Ali Madad,,,,16/09/2026,07:53:05,,,,,,,
65,65,CRONULLA JOB,STAGE 1,SEAL WINDOW FRAME,LOW,2,9,https://storage.googleapis.com/glide-prod.appspot.com/uploads-v2/XlktfHwJ33nQTBm0LCwM/pub/rFGuoHaUHTEadLMjEQ97.jpg,https://storage.googleapis.com/glide-prod.appspot.com/uploads-v2/XlktfHwJ33nQTBm0LCwM/pub/CCk32o0PZm52c6gMwgnA.jpg,https://storage.googleapis.com/glide-prod.appspot.com/uploads-v2/XlktfHwJ33nQTBm0LCwM/pub/vqxeyO34FYlQo2NpmPHl.jpg,,,,,,,BEFORE,BEFORE,,,Nicolas Loyola,17/08/2026,11:08:05,,17/08/2026,13:47:57,,,ON BOTTOM,,,1.5,
66,66,CRONULLA JOB,STAGE 1,SKIM RENDERING,LOW,2,9,https://storage.googleapis.com/glide-prod.appspot.com/uploads-v2/XlktfHwJ33nQTBm0LCwM/pub/YVsXbWLWFnGoiaxp827m.jpg,https://storage.googleapis.com/glide-prod.appspot.com/uploads-v2/XlktfHwJ33nQTBm0LCwM/pub/yMrXjq8F2ep8YN9cxyv9.jpg,https://storage.googleapis.com/glide-prod.appspot.com/uploads-v2/XlktfHwJ33nQTBm0LCwM/pub/iBhz5cA8QkKrIFvAzxzx.jpg,https://storage.googleapis.com/glide-prod.appspot.com/uploads-v2/XlktfHwJ33nQTBm0LCwM/pub/h8bH7QvwpcWdv6oC2aMb.jpg,https://storage.googleapis.com/glide-prod.appspot.com/uploads-v2/XlktfHwJ33nQTBm0LCwM/pub/nBOLDbGv1SiWdn1mpVJX.jpg,https://storage.googleapis.com/glide-prod.appspot.com/uploads-v2/XlktfHwJ33nQTBm0LCwM/pub/fcds6GqYPgncuB2amo9b.jpg,,,,BEFORE,IN PROGRESS,CHECK,,Nicolas Loyola,17/08/2026,11:09:56,Seba Dadea,07/09/2026,11:18:49,,,Cracks ,,,3,
1335,1335,CRONULLA JOB,STAGE 1,RENDER REPAIR,HIGH,2,10,,,,,,,https://storage.googleapis.com/glide-prod.appspot.com/uploads-v2/XlktfHwJ33nQTBm0LCwM/pub/vuMWB87LZfR2U5h7K1KC.jpg,,,COMPLETED,COMPLETED,,,Ali Madad,,,,16/09/2026,07:51:15,,,,,,,
68,68,CRONULLA JOB,STAGE 1,SKIM RENDERING,LOW,2,10,https://storage.googleapis.com/glide-prod.appspot.com/uploads-v2/XlktfHwJ33nQTBm0LCwM/pub/HkYWBQ5tWN4i9j4xUksG.jpg,https://storage.googleapis.com/glide-prod.appspot.com/uploads-v2/XlktfHwJ33nQTBm0LCwM/pub/lkuoXHbWx3JfL7ES7jZw.jpg,https://storage.googleapis.com/glide-prod.appspot.com/uploads-v2/XlktfHwJ33nQTBm0LCwM/pub/UEtZ98a8nhS8OsSXPxtg.jpg,,,,,,,BEFORE,BEFORE,,,Nicolas Loyola,17/08/2026,11:04:03,Seba Dadea,07/09/2026,11:09:22,,,Cracks,,,3.1,
73,73,CRONULLA JOB,STAGE 1,DILAPITACION,LOW,2,11,https://storage.googleapis.com/glide-prod.appspot.com/uploads-v2/XlktfHwJ33nQTBm0LCwM/pub/kuKDNfWzZ6yuSoTgpHsO.jpg,https://storage.googleapis.com/glide-prod.appspot.com/uploads-v2/XlktfHwJ33nQTBm0LCwM/pub/84v5GSKAJC2rZKqMIE2H.jpg,,,,,,,,BEFORE,BEFORE,,,Nicolas Loyola,17/08/2026,11:02:00,,17/08/2026,13:54:52,,,OLD FLYCREEM MESH,,,,
69,69,CRONULLA JOB,STAGE 1,RENDER REPAIR,LOW,2,11,https://storage.googleapis.com/glide-prod.appspot.com/uploads-v2/XlktfHwJ33nQTBm0LCwM/pub/uzHtIySMJg3c3kiKrhw0.jpg,https://storage.googleapis.com/glide-prod.appspot.com/uploads-v2/XlktfHwJ33nQTBm0LCwM/pub/DoxjL0JXqhFBu0C7pYrd.jpg,,https://storage.googleapis.com/glide-prod.appspot.com/uploads-v2/XlktfHwJ33nQTBm0LCwM/pub/Cpy5DXOG2NOO3IZPhKFk.jpg,,,,,,BEFORE,IN PROGRESS,CHECK,,Nicolas Loyola,17/08/2026,10:48:31,Seba Dadea,07/09/2026,10:38:33,,,,0.1,1,,
1333,1333,CRONULLA JOB,STAGE 1,RENDER REPAIR,HIGH,2,11,,,,,,,https://storage.googleapis.com/glide-prod.appspot.com/uploads-v2/XlktfHwJ33nQTBm0LCwM/pub/KW4Sga70aNEGt1P8I9eB.jpg,https://storage.googleapis.com/glide-prod.appspot.com/uploads-v2/XlktfHwJ33nQTBm0LCwM/pub/yjaGEUXAcAEcSq5NFV8e.jpg,https://storage.googleapis.com/glide-prod.appspot.com/uploads-v2/XlktfHwJ33nQTBm0LCwM/pub/4fTTBpm1ljWsUpaIAlcZ.jpg,COMPLETED,COMPLETED,,,Ali Madad,,,,16/09/2026,07:49:49,,,,,,,
70,70,CRONULLA JOB,STAGE 1,RESEALING WORKS,LOW,2,11,https://storage.googleapis.com/glide-prod.appspot.com/uploads-v2/XlktfHwJ33nQTBm0LCwM/pub/Kp8DRDuyBjPseD6pOJIZ.jpg,https://storage.googleapis.com/glide-prod.appspot.com/uploads-v2/XlktfHwJ33nQTBm0LCwM/pub/sAt9dziXAIcwNoiFYZNR.jpg,,https://storage.googleapis.com/glide-prod.appspot.com/uploads-v2/XlktfHwJ33nQTBm0LCwM/pub/5LsyVFaNtj0vlQLv6O0b.jpg,https://storage.googleapis.com/glide-prod.appspot.com/uploads-v2/XlktfHwJ33nQTBm0LCwM/pub/VkJxr87h7ssBJzQwWXLc.jpg,https://storage.googleapis.com/glide-prod.appspot.com/uploads-v2/XlktfHwJ33nQTBm0LCwM/pub/sgIIcvb9WLpFOHt8rMDM.jpg,,,,BEFORE,IN PROGRESS,CHECK,,Nicolas Loyola,17/08/2026,11:00:41,Seba Dadea,07/09/2026,10:14:13,,,CONSIDERER INSIDE THE DEF. 58,,,,
72,72,CRONULLA JOB,STAGE 1,SEAL WINDOW FRAME,LOW,2,11,https://storage.googleapis.com/glide-prod.appspot.com/uploads-v2/XlktfHwJ33nQTBm0LCwM/pub/ZaW9kyUPSoLwHcibjsHy.jpg,https://storage.googleapis.com/glide-prod.appspot.com/uploads-v2/XlktfHwJ33nQTBm0LCwM/pub/PyyRZaOGDFF8TUP7rAdm.jpg,https://storage.googleapis.com/glide-prod.appspot.com/uploads-v2/XlktfHwJ33nQTBm0LCwM/pub/3vAzcM33b0jlODEJLlW5.jpg,,,,,,,BEFORE,BEFORE,,,Nicolas Loyola,17/08/2026,10:56:09,,17/08/2026,14:12:17,,,TOP ,,,1.5,
71,71,CRONULLA JOB,STAGE 1,SKIM RENDERING,LOW,2,11,https://storage.googleapis.com/glide-prod.appspot.com/uploads-v2/XlktfHwJ33nQTBm0LCwM/pub/yqjCUd0wAUD4Jg78jP41.jpg,https://storage.googleapis.com/glide-prod.appspot.com/uploads-v2/XlktfHwJ33nQTBm0LCwM/pub/K0YJVJh4hzFbqTGZIPkU.jpg,https://storage.googleapis.com/glide-prod.appspot.com/uploads-v2/XlktfHwJ33nQTBm0LCwM/pub/YSuB3FB8f9wyvHIBdxYX.jpg,https://storage.googleapis.com/glide-prod.appspot.com/uploads-v2/XlktfHwJ33nQTBm0LCwM/pub/AlwGWTW9sEqXGO9rwt3X.jpg,https://storage.googleapis.com/glide-prod.appspot.com/uploads-v2/XlktfHwJ33nQTBm0LCwM/pub/MSMhvmjwzDBb6o13Oowl.jpg,https://storage.googleapis.com/glide-prod.appspot.com/uploads-v2/XlktfHwJ33nQTBm0LCwM/pub/tXBNYVE1Ul0MUwYxOk8J.jpg,,,,BEFORE,IN PROGRESS,CHECK,,Nicolas Loyola,17/08/2026,10:53:56,Seba Dadea,07/09/2026,10:57:56,,,CRACKS,,,3,
1331,1331,CRONULLA JOB,STAGE 1,RENDER REPAIR,HIGH,2,12,,,,,,,https://storage.googleapis.com/glide-prod.appspot.com/uploads-v2/XlktfHwJ33nQTBm0LCwM/pub/9g550qGD0JyAc9Tcsezz.jpg,https://storage.googleapis.com/glide-prod.appspot.com/uploads-v2/XlktfHwJ33nQTBm0LCwM/pub/rGr3vC3FIhN6hm0CTMlX.jpg,,COMPLETED,COMPLETED,,,Ali Madad,,,,16/09/2026,07:48:20,,,,,,,
67,67,CRONULLA JOB,STAGE 1,RESEALING WORKS,LOW,2,12,https://storage.googleapis.com/glide-prod.appspot.com/uploads-v2/XlktfHwJ33nQTBm0LCwM/pub/iilqTkKzSG3TrNxvOAs5.jpg,https://storage.googleapis.com/glide-prod.appspot.com/uploads-v2/XlktfHwJ33nQTBm0LCwM/pub/gH46edZZzSBBB60z0wcG.jpg,https://storage.googleapis.com/glide-prod.appspot.com/uploads-v2/XlktfHwJ33nQTBm0LCwM/pub/I58v12IoKxhlbiPdN4WT.jpg,,,,,,,BEFORE,BEFORE,,,Nicolas Loyola,17/08/2026,14:10:47,,17/08/2026,13:51:38,,,X19 FLOOR,,,58.9,
74,74,CRONULLA JOB,STAGE 1,SKIM RENDERING,LOW,2,12,https://storage.googleapis.com/glide-prod.appspot.com/uploads-v2/XlktfHwJ33nQTBm0LCwM/pub/OhpgGOn92j49Soss7vV1.jpg,https://storage.googleapis.com/glide-prod.appspot.com/uploads-v2/XlktfHwJ33nQTBm0LCwM/pub/z5mZYJhFub0mCM56uRho.jpg,,https://storage.googleapis.com/glide-prod.appspot.com/uploads-v2/XlktfHwJ33nQTBm0LCwM/pub/SXgcgVAo05QiLdoAtDMg.jpg,https://storage.googleapis.com/glide-prod.appspot.com/uploads-v2/XlktfHwJ33nQTBm0LCwM/pub/bz7hQSGhEtskbanIdMce.jpg,,,,,IN PROGRESS,IN PROGRESS,,,Nicolas Loyola,17/08/2026,10:43:23,Seba Dadea,07/09/2026,09:18:11,,,,,,2,
75,75,CRONULLA JOB,STAGE 1,SKIM RENDERING,LOW,2,12,https://storage.googleapis.com/glide-prod.appspot.com/uploads-v2/XlktfHwJ33nQTBm0LCwM/pub/Klym8frNFFTeKdna0YHJ.jpg,https://storage.googleapis.com/glide-prod.appspot.com/uploads-v2/XlktfHwJ33nQTBm0LCwM/pub/4tdquxWKFpqBYab0pK18.jpg,,https://storage.googleapis.com/glide-prod.appspot.com/uploads-v2/XlktfHwJ33nQTBm0LCwM/pub/NHyGPQr4B1Cfl5u9Q9QX.jpg,https://storage.googleapis.com/glide-prod.appspot.com/uploads-v2/XlktfHwJ33nQTBm0LCwM/pub/gyQ5SJCUq1dmUk5vxRpA.jpg,,,,,BEFORE,IN PROGRESS,CHECK,,Nicolas Loyola,17/08/2026,10:45:59,Seba Dadea,07/09/2026,09:26:20,,,,,,1.8,
1362,1362,CRONULLA JOB,STAGE 1,RENDER REPAIR,MEDIUM,3,3,,,,,,,https://storage.googleapis.com/glide-prod.appspot.com/uploads-v2/XlktfHwJ33nQTBm0LCwM/pub/eRilFaIJFCsgvLTE5kYc.jpg,,,COMPLETED,COMPLETED,,,Ali,,,,23/09/2026,08:55:56,,,,,,,
77,77,CRONULLA JOB,STAGE 1,RESEALING WORKS,LOW,3,3,https://storage.googleapis.com/glide-prod.appspot.com/uploads-v2/XlktfHwJ33nQTBm0LCwM/pub/SfRUNt0rxcrIHc0pRSW5.jpg,,,https://storage.googleapis.com/glide-prod.appspot.com/uploads-v2/XlktfHwJ33nQTBm0LCwM/pub/fokwNfuEjsCV1Djf8ddM.jpg,,,,,,BEFORE,IN PROGRESS,CHECK,,Nicolas Loyola,17/08/2026,14:14:37,Seba Dadea,08/09/2026,14:08:29,,,,,,3.4,
76,76,CRONULLA JOB,STAGE 1,SKIM RENDERING,LOW,3,3,https://storage.googleapis.com/glide-prod.appspot.com/uploads-v2/XlktfHwJ33nQTBm0LCwM/pub/S5xSUJyhtOIAVxotcfXN.jpg,,,https://storage.googleapis.com/glide-prod.appspot.com/uploads-v2/XlktfHwJ33nQTBm0LCwM/pub/O2UMqaymIbZtGyEOwhDC.jpg,https://storage.googleapis.com/glide-prod.appspot.com/uploads-v2/XlktfHwJ33nQTBm0LCwM/pub/X1PblckuVJB0l10jX1Te.jpg,https://storage.googleapis.com/glide-prod.appspot.com/uploads-v2/XlktfHwJ33nQTBm0LCwM/pub/QsJuArS7NtNUTMdLuDyi.jpg,,,,BEFORE,IN PROGRESS,CHECK,,César Meneses,17/08/2026,14:07:36,Seba Dadea,08/09/2026,14:21:34,,,,,,1.45,
80,80,CRONULLA JOB,STAGE 1,RENDER REPAIR,LOW,3,4,https://storage.googleapis.com/glide-prod.appspot.com/uploads-v2/XlktfHwJ33nQTBm0LCwM/pub/DVTcCb7oUm9VRoN8Ncig.jpg,https://storage.googleapis.com/glide-prod.appspot.com/uploads-v2/XlktfHwJ33nQTBm0LCwM/pub/Qs9BhG25LbvlyuCKx1wo.jpg,,https://storage.googleapis.com/glide-prod.appspot.com/uploads-v2/XlktfHwJ33nQTBm0LCwM/pub/31ZzRtNxGKeoD8cCGzny.jpg,,,,,,IN PROGRESS,IN PROGRESS,,,César Meneses,17/08/2026,14:06:42,Nicolas Loyola,05/09/2026,10:11:30,,,,0.3,1.4,,
1346,1346,CRONULLA JOB,STAGE 1,RENDER REPAIR,HIGH,3,4,,,,,,,https://storage.googleapis.com/glide-prod.appspot.com/uploads-v2/XlktfHwJ33nQTBm0LCwM/pub/07PSmRsL38wPr1meLW99.jpg,https://storage.googleapis.com/glide-prod.appspot.com/uploads-v2/XlktfHwJ33nQTBm0LCwM/pub/Rf3PEj7709uGIAaxodbz.jpg,,COMPLETED,COMPLETED,,,Ali Madad,,,,16/09/2026,08:07:11,,,,,,,
78,78,CRONULLA JOB,STAGE 1,RESEALING WORKS,LOW,3,4,https://storage.googleapis.com/glide-prod.appspot.com/uploads-v2/XlktfHwJ33nQTBm0LCwM/pub/YbgKxve2xgCQ70axkpDc.jpg,https://storage.googleapis.com/glide-prod.appspot.com/uploads-v2/XlktfHwJ33nQTBm0LCwM/pub/reuhyEnCuLdtV7cmxt0f.jpg,,https://storage.googleapis.com/glide-prod.appspot.com/uploads-v2/XlktfHwJ33nQTBm0LCwM/pub/KPXd3IrWuNEZEUAJwGU8.jpg,https://storage.googleapis.com/glide-prod.appspot.com/uploads-v2/XlktfHwJ33nQTBm0LCwM/pub/tVp4uZT0w0jfsrK9PvZi.jpg,,,,,BEFORE,IN PROGRESS,CHECK,,César Meneses,17/08/2026,14:05:54,Drago,08/09/2026,11:20:44,,,,,,1.45,
79,79,CRONULLA JOB,STAGE 1,RESEALING WORKS,LOW,3,4,https://storage.googleapis.com/glide-prod.appspot.com/uploads-v2/XlktfHwJ33nQTBm0LCwM/pub/85dmG4FQSpOIfmVHT8dX.jpg,https://storage.googleapis.com/glide-prod.appspot.com/uploads-v2/XlktfHwJ33nQTBm0LCwM/pub/AEG0qrpsX0GVNPo3wxY5.jpg,,,,,,,,BEFORE,BEFORE,,,Nicolas Loyola,17/08/2026,14:06:19,,17/08/2026,13:58:38,,,3.4x2,,,6.8,
81,81,CRONULLA JOB,STAGE 1,RENDER REPAIR,LOW,3,5,https://storage.googleapis.com/glide-prod.appspot.com/uploads-v2/XlktfHwJ33nQTBm0LCwM/pub/8fmlUCh70cyyh6VyL7QA.jpg,https://storage.googleapis.com/glide-prod.appspot.com/uploads-v2/XlktfHwJ33nQTBm0LCwM/pub/84VOlnlXJzqgGWGk7TJf.jpg,https://storage.googleapis.com/glide-prod.appspot.com/uploads-v2/XlktfHwJ33nQTBm0LCwM/pub/wUZVkSuNXM0gzDzwLoGs.jpg,https://storage.googleapis.com/glide-prod.appspot.com/uploads-v2/XlktfHwJ33nQTBm0LCwM/pub/Wsa8wR8CW5Ql6fe31QQO.jpg,https://storage.googleapis.com/glide-prod.appspot.com/uploads-v2/XlktfHwJ33nQTBm0LCwM/pub/nFqp6VdtyIdCboXLwslY.jpg,,,,,IN PROGRESS,IN PROGRESS,,,Nicolas Loyola,17/08/2026,14:04:19,Drago,08/09/2026,11:08:59,,,,0.2,1.2,,
82,82,CRONULLA JOB,STAGE 1,RESEALING WORKS,LOW,3,5,https://storage.googleapis.com/glide-prod.appspot.com/uploads-v2/XlktfHwJ33nQTBm0LCwM/pub/D3Ih5UAarxuhjZY8kzBy.jpg,https://storage.googleapis.com/glide-prod.appspot.com/uploads-v2/XlktfHwJ33nQTBm0LCwM/pub/F2rlCyhpNpLGFsYt3FZ5.jpg,,,,,https://storage.googleapis.com/glide-prod.appspot.com/uploads-v2/XlktfHwJ33nQTBm0LCwM/pub/8oAdyuEVfcv85vhaawqT.jpg,https://storage.googleapis.com/glide-prod.appspot.com/uploads-v2/XlktfHwJ33nQTBm0LCwM/pub/6kb8TqR8fHPAheRGGYZ2.jpg,,BEFORE,COMPLETED,CHECK,,Nicolas Loyola,17/08/2026,14:05:02,Laura Valencia,14/09/2026,11:06:01,,,3.4x2,,,6.8,
1343,1343,CRONULLA JOB,STAGE 1,RENDER REPAIR,HIGH,3,6,,,,,,,https://storage.googleapis.com/glide-prod.appspot.com/uploads-v2/XlktfHwJ33nQTBm0LCwM/pub/5rlvzJGt4jNekmHVZMKD.jpg,,,COMPLETED,COMPLETED,,,Ali Madad,,,,16/09/2026,07:59:25,,,,,,,
84,84,CRONULLA JOB,STAGE 1,RESEALING WORKS,LOW,3,6,https://storage.googleapis.com/glide-prod.appspot.com/uploads-v2/XlktfHwJ33nQTBm0LCwM/pub/k78d91c5XN2jF7Z3jQ3j.jpg,https://storage.googleapis.com/glide-prod.appspot.com/uploads-v2/XlktfHwJ33nQTBm0LCwM/pub/WzDndv5pXqBq8aDk3E7e.jpg,https://storage.googleapis.com/glide-prod.appspot.com/uploads-v2/XlktfHwJ33nQTBm0LCwM/pub/Jg39K1wL7e8m2u2V3l4A.jpg,,,,,,,BEFORE,BEFORE,,,Nicolas Loyola,17/08/2026,14:03:00,,17/08/2026,14:03:00,,,WINDOW FRAME,,,3.4,
85,85,CRONULLA JOB,STAGE 1,SEAL WINDOW FRAME,LOW,3,7,https://storage.googleapis.com/glide-prod.appspot.com/uploads-v2/XlktfHwJ33nQTBm0LCwM/pub/9wKxQe2kP3o9f0t1e2m3.jpg,,,,,,,,,BEFORE,BEFORE,,,Nicolas Loyola,17/08/2026,14:01:00,,17/08/2026,14:01:00,,,,,,1.8,
86,86,CRONULLA JOB,STAGE 1,RENDER REPAIR,MEDIUM,3,8,https://storage.googleapis.com/glide-prod.appspot.com/uploads-v2/XlktfHwJ33nQTBm0LCwM/pub/O2u1tXyZ8p8c9kL1m2N3.jpg,,,https://storage.googleapis.com/glide-prod.appspot.com/uploads-v2/XlktfHwJ33nQTBm0LCwM/pub/V3k1m9lP0t7x5qE2r1o8.jpg,,,,,,IN PROGRESS,IN PROGRESS,,,Nicolas Loyola,17/08/2026,13:59:00,Nicolas Loyola,09/09/2026,10:20:00,,,,0.4,0.4,,
1330,1330,CRONULLA JOB,STAGE 1,RENDER REPAIR,HIGH,3,9,,,,,,,https://storage.googleapis.com/glide-prod.appspot.com/uploads-v2/XlktfHwJ33nQTBm0LCwM/pub/5wM9k0pL2q3t4yU7i8o1.jpg,,,COMPLETED,COMPLETED,,,Ali Madad,,,,16/09/2026,08:15:00,,,,,,,
1381,1381,CRONULLA JOB,STAGE 2,RENDER REPAIR,HIGH,11,8,,,,https://storage.googleapis.com/glide-prod.appspot.com/uploads-v2/XlktfHwJ33nQTBm0LCwM/pub/rATTlV2UzdE8hJjJxaVa.jpg,,,,,,IN PROGRESS,IN PROGRESS,,,Ali Madad,,,,22/09/2026,11:30:00,,,,,,,
1383,1383,CRONULLA JOB,STAGE 2,RENDER REPAIR,HIGH,11,9,,,,https://storage.googleapis.com/glide-prod.appspot.com/uploads-v2/XlktfHwJ33nQTBm0LCwM/pub/7Ds3rNF5cRoD1cr7b9f8.jpg,https://storage.googleapis.com/glide-prod.appspot.com/uploads-v2/XlktfHwJ33nQTBm0LCwM/pub/mlwjhCIbPqafmAtvVQvx.jpg,,,,IN PROGRESS,IN PROGRESS,,,Ali Madad,,,,22/09/2026,11:45:00,,,,,,,
1390,1390,CRONULLA JOB,STAGE 2,SEAL WINDOW FRAME,MEDIUM,11,10,https://storage.googleapis.com/glide-prod.appspot.com/uploads-v2/XlktfHwJ33nQTBm0LCwM/pub/kP9m2xL0q7t4yU1i8o5A.jpg,,,,,,https://storage.googleapis.com/glide-prod.appspot.com/uploads-v2/XlktfHwJ33nQTBm0LCwM/pub/8mN2k0pL4q5t6yU7i8o9.jpg,,,COMPLETED,COMPLETED,,,Laura Valencia,18/09/2026,10:00:00,Laura Valencia,23/09/2026,15:30:00,,,,,,3.2,
1405,1405,CRONULLA JOB,STAGE 2,RESEALING WORKS,LOW,12,2,https://storage.googleapis.com/glide-prod.appspot.com/uploads-v2/XlktfHwJ33nQTBm0LCwM/pub/7yU1i8o5kP9m2xL0q7t4.jpg,https://storage.googleapis.com/glide-prod.appspot.com/uploads-v2/XlktfHwJ33nQTBm0LCwM/pub/1m2N3O2u1tXyZ8p8c9kL.jpg,,,,,,,,BEFORE,BEFORE,,,Sergio Carrasco,20/09/2026,09:15:00,,20/09/2026,09:15:00,,,,,,2.5,
1410,1410,CRONULLA JOB,STAGE 2,SKIM RENDERING,LOW,12,3,https://storage.googleapis.com/glide-prod.appspot.com/uploads-v2/XlktfHwJ33nQTBm0LCwM/pub/4yU7i8o15wM9k0pL2q3t.jpg,,,https://storage.googleapis.com/glide-prod.appspot.com/uploads-v2/XlktfHwJ33nQTBm0LCwM/pub/p0t7x5qE2r1o8V3k1m9l.jpg,,,,,IN PROGRESS,IN PROGRESS,,,Sergio Carrasco,20/09/2026,10:00:00,Sergio Carrasco,23/09/2026,11:00:00,,,,1.2,0.8,,
1412,1412,CRONULLA JOB,STAGE 2,RUST SPOT,HIGH,12,4,https://storage.googleapis.com/glide-prod.appspot.com/uploads-v2/XlktfHwJ33nQTBm0LCwM/pub/6wdCmAVbjHK3HE5CcNMK.jpg,https://storage.googleapis.com/glide-prod.appspot.com/uploads-v2/XlktfHwJ33nQTBm0LCwM/pub/20Cj6H2CKhpAutEnixMm.jpg,,,,,,,,BEFORE,BEFORE,,,Ali Madad,,,,24/09/2026,10:46:38,,,,,,,
